id;title;content;date
1;Singapore Mexico;../fake-data/blob/hipster.txt;2023-03-25T22:11:35
2;Orchestrator;../fake-data/blob/hipster.txt;2023-03-26T03:20:11
3;world-class Hat;../fake-data/blob/hipster.txt;2023-03-25T16:17:01
4;solutions;../fake-data/blob/hipster.txt;2023-03-26T01:29:38
5;Loan;../fake-data/blob/hipster.txt;2023-03-25T14:43:00
6;Pataca;../fake-data/blob/hipster.txt;2023-03-26T06:05:13
7;New Isle;../fake-data/blob/hipster.txt;2023-03-25T15:28:29
8;repurpose Dominica blockchains;../fake-data/blob/hipster.txt;2023-03-25T14:23:43
9;system;../fake-data/blob/hipster.txt;2023-03-25T16:12:19
10;backing;../fake-data/blob/hipster.txt;2023-03-26T01:49:56
